dbname,n,d,k,range,sigma_ratio,Measure,n_init,n_iter,iter,Purity,NMI,ARI,AMI,Homogeneity,Silhouette,Accuracy,Precision,Recall,Time,LSH_time,Score,Scoringtime
Dpname,512,8,8,-1,-1,None,5,100,2,0.998046875,0.9951544980798708,0.995509191601205,0.9950368771112639,0.995161800854713,0.5074153719916545,0.99902917074364,0.9960319920639841,0.99609375,0.05870320000685751,-1,886.0,0.007859700010158122|0.007612599991261959|0.0007142999675124884|0.0036540000000968575|0.0007496000034734607|0.29223190003540367|0.003712100035045296|
Dpname,512,8,8,-1,-1,None,5,100,3,0.99609375,0.9903089250439306,0.9910186224760044,0.9900736789644582,0.9903089250439306,0.5074153719916545,0.9980583414872799,0.9921259842519685,0.9921259842519685,0.05851413999916986,-1,886.0,0.007854499970562756|0.0012195000308565795|0.0005488000460900366|0.0024507000343874097|0.0012966000358574092|0.3055162000237033|0.003584600053727627|
