dbname,n,d,k,range,sigma_ratio,Measure,n_init,n_iter,iter,Purity,NMI,ARI,AMI,Homogeneity,Silhouette,Accuracy,Precision,Recall,Time,LSH_time,Score,Scoringtime
Syn_512_10_20_8_10,512,10,20,-1,-1,None,5,100,3,0.7734375,0.9224740869129073,0.8375362570727058,0.9101481059300117,0.9320281362376663,0.398424081106948,0.9843444227005871,0.8046718257380339,0.8912698412698413,0.14235048,-1,1309.0,0.0424323000000002|0.0023314000000000945|0.0007880000000000109|0.006045899999999715|0.0012405000000001998|0.5124802000000002|0.04043320000000028|
Syn_512_10_20_8_10,512,10,20,-1,-1,None,5,100,3,0.79296875,0.921802929926231,0.8420246297623121,0.9094264239149148,0.9310010321420135,0.38595677471991596,0.9848718811154599,0.8135248875344653,0.8898412698412699,0.15640530000000002,-1,1296.0,0.04269770000000017|0.0019879000000000424|0.000848299999999913|0.006062800000000035|0.0011672999999996492|0.5072606999999998|0.0407639999999998|
Syn_512_10_20_8_10,512,10,20,-1,-1,None,5,100,3,0.646484375,0.9229273991583162,0.8456991207862328,0.9108200862881055,0.9343206905249574,0.39259022666047216,0.9850553449119374,0.8081997446446304,0.9042857142857142,0.14043338000000002,-1,1307.0,0.053365499999999955|0.0031216000000000577|0.0009314000000002487|0.0063086000000001086|0.0012591999999997938|0.4991328000000004|0.04129460000000007|
Syn_512_10_20_8_10,512,10,20,-1,-1,None,5,100,2,0.810546875,0.9368570639149914,0.8636034596487268,0.9269117523336885,0.948304301470329,0.4094408042273843,0.9867753180039139,0.823471121177803,0.9233333333333333,0.15289380000000002,-1,1320.0,0.051135299999999884|0.0021542999999999424|0.0009396999999999878|0.0061629999999999185|0.0013279999999999959|0.5025007000000001|0.04137949999999968|
